bigram,count
ciência dados,155
engenharia dados,53
área dados,49
análise dados,37
analise dados,35
dados ou,33
analista dados,27
ou engenharia,22
ciências dados,21
estatística ciência,19
vale pena,18
cientista dados,17
engenheiro dados,16
ou ciência,15
ciência computação,12
engenharia software,12
qual melhor,11
engenharia elétrica,10
iniciante área,10
cursos online,9
dados ia,9
machine learning,9
quais cursos,9
vocês recomendam,9
dados engenharia,8
engenharia materiais,8
materiais manufatura,8
mestrado engenharia,8
online vocês,8
pessoal quais,8
