subreddit,avg_score,avg_comments
30mais,11.0,39.0
AMABRASIL,17.8,41.0
AliExpressBR,3.0,13.0
CFB,2461.0,1066.0
CRFla,19.0,19.0
CasualPT,8.333333333333334,26.666666666666668
CienciaDeDadosBrasil,5.166666666666667,3.3333333333333335
CodedInBrasil,1.0,2.0
Conquistas,703.0,145.0
ConselhosLegais,0.5,3.0
ContabilidadeAtual,7.0,9.0
Dados,12.428571428571429,5.0
DadosBrasil,8.62962962962963,7.962962962962963
DicasETutoriais,1.0,0.0
EmuDev,0.0,0.0
Engenharia,15.153846153846153,11.384615384615385
FCUP,1.0,0.0
Fortaleza,4.0,7.0
GatoLoucoMiau,7.0,4.0
IST,6.0,10.0
Imoveis_AegonHub_BR,1.0,0.0
InovContacto2024,2.0,29.0
InternetBrasil,3.0,0.0
LiverpoolFC,576.0,192.0
LusoMeteo,72.0,10.0
MarketingDigitalBR,12.0,23.0
PTOrdenado,20.375,15.0
Portuguese,24.0,26.0
ProgramadoresBrasil,1.25,7.75
PsicologiaBR,73.0,80.0
ShitpostBR,60.0,1.0
SociedadeAvancada,1.0,0.0
SpaceXLounge,147.0,104.0
SpeedOfLobsters,1672.0,23.0
Superstonk,5206.0,509.0
Sustentabilidade,2.0,0.0
TinderBR,37.0,26.0
TugaTech,1.0,0.0
UFABC,7.0,1.5
UFBA,6.0,10.0
USP,8.357142857142858,9.714285714285714
Unicamp,25.0,65.0
Univesp,5.666666666666667,4.0
VagasArrombadas,63.5,23.5
antitrampo,415.5,30.0
askacademico,1.0,0.0
ateismo_br,19.0,13.0
atheism,11708.0,396.0
baseball,861.0,217.0
biology,1526.0,183.0
brasil,578.7777777777778,105.11111111111111
brasilivre,11.0,3.8
brdev,14.571428571428571,15.658730158730158
carros,15.0,44.0
computadores,0.5,13.5
concursospublicos,119.27272727272727,30.636363636363637
conselhodecarreira,3.0,8.583333333333334
conselhosdecarreira,1.0,0.0
conspiracy,1502.0,224.0
criptomoedas,7.5,8.0
curitiba,9.0,12.0
curriculos,13.0,13.714285714285714
dataengineering,210.57142857142858,123.42857142857143
dataengineersindia,39.0,49.0
datasciencebr,10.739837398373984,11.113821138211382
desabafos,205.0,54.5
descobre,1.0,0.0
devBR,6.9,13.4
devpt,5.4,30.3
enem,5.0,7.333333333333333
engenhariaeletrica,6.5,6.0
estudosBR,2.0,0.0
faculdadeBR,35.9,20.5
farialimabets,14.5,52.75
fcporto,60.0,39.0
feup,2.0,3.0
foradecasa,0.0,13.0
formula1,1175.5,91.0
futebol,107.75,40.25
fuvest,3.0,3.0
golpe,21.714285714285715,13.428571428571429
hardwarebrasil,3.0,5.0
investimentos,61.714285714285715,16.0
jobboardsearch,1.0,0.0
jovemedinamica,2.0,3.0
jovemnerd,113.0,41.0
learnmachinelearning,63.0,32.0
literaciafinanceira,10.0,98.0
londrina,11.0,20.0
mulheresemtech,6.0,0.0
opiniaoimpopular,159.5,184.0
philosophy,1079.0,101.0
politics,1734.0,313.0
portugal,4.416666666666667,10.916666666666666
programacao,4.666666666666667,8.222222222222221
saojosedoscampos,12.0,2.0
saopaulo,1.0,3.0
science,13800.0,715.6666666666666
secbr,4.0,2.0
ufmg,4.0,8.333333333333334
ufpr,3.5,3.5
uminho,3.0,1.0
worldnews,4816.0,147.0
