subreddit,num_posts
30mais,1
AMABRASIL,5
AliExpressBR,3
CFB,1
CRFla,1
CasualPT,3
CienciaDeDadosBrasil,6
CodedInBrasil,1
Conquistas,1
ConselhosLegais,2
ContabilidadeAtual,1
Dados,7
DadosBrasil,27
DicasETutoriais,1
EmuDev,1
Engenharia,13
FCUP,1
Fortaleza,2
GatoLoucoMiau,1
IST,2
Imoveis_AegonHub_BR,1
InovContacto2024,1
InternetBrasil,1
LiverpoolFC,1
LusoMeteo,1
MarketingDigitalBR,1
PTOrdenado,8
Portuguese,1
ProgramadoresBrasil,4
PsicologiaBR,1
ShitpostBR,1
SociedadeAvancada,2
SpaceXLounge,1
SpeedOfLobsters,1
Superstonk,1
Sustentabilidade,1
TinderBR,1
TugaTech,2
UFABC,2
UFBA,1
USP,14
Unicamp,1
Univesp,3
VagasArrombadas,4
antitrampo,2
askacademico,1
ateismo_br,1
atheism,1
baseball,1
biology,1
brasil,9
brasilivre,5
brdev,126
carros,1
computadores,2
concursospublicos,11
conselhodecarreira,36
conselhosdecarreira,1
conspiracy,1
criptomoedas,2
curitiba,1
curriculos,7
dataengineering,7
dataengineersindia,1
datasciencebr,123
desabafos,2
descobre,1
devBR,10
devpt,10
enem,3
engenhariaeletrica,2
estudosBR,1
faculdadeBR,10
farialimabets,4
fcporto,1
feup,1
foradecasa,1
formula1,2
futebol,4
fuvest,1
golpe,7
hardwarebrasil,1
investimentos,7
jobboardsearch,2
jovemedinamica,1
jovemnerd,1
learnmachinelearning,1
literaciafinanceira,1
londrina,1
mulheresemtech,1
opiniaoimpopular,2
philosophy,1
politics,1
portugal,12
programacao,27
saojosedoscampos,1
saopaulo,1
science,3
secbr,1
ufmg,3
ufpr,2
uminho,2
worldnews,1
